AnswerContent,QuestionContent,Title
 답변 자바(JAVA)를 제대로 설치하는 방법 (운영체제 bit 에... # 자바와 관련된 것이 있다면 모두 제거 합니다. (두번... 자바 사이트 접속하기 자바 사이트에 접속하여 자신의... , 마인크래프트 포지를 다운받기 위해 자바를 다운로드 해야돼는디 어떻게 자바를 설치하나여? , 자바 다운로드에 대햐여 
 답변 자바와 코틀린의 사용 분야가 같다기 보단 두 언어가 동작하는 환경이 동일합니다. 둘 다 자바 가상 머신 위에서... 자바의 사용 분야는 무궁무진합니다. 가장 많이... , [내공500] 1.자바와 코틀린의 사용분야는 완전히 같은가요? 2.자바의 사용분야를 모두 알려주세요 3.자바와 코틀린의 사용분야가 조금이라도 다르다면 코틀린의... ," 코틀린,자바 사용분야 "
 답변 자바인강으로 독학해보려고요 자바인강으로 독학해보려고요! 프로그래밍은 한번도... 자바독학이 처음인 제 수준에 맞을만한 자바인강 하나 소개해주시면... , 자바인강으로 독학해보려고요! 프로그래밍은 한번도 공부해본적이 없고 웹개발에 관심이 있습니다! 자바독학이 처음인 제 수준에 맞을만한 자바인강 하나 소개해주시면... , 자바인강으로 독학해보려고요 
 답변 자바는 스레드를 4개까지 동시에 실행시킬 수 있습니다. 그러므로 128비트 머신이 아닌 이상 64비트 자바는... 저가 생각하기에 64비트 자바가 설치되지 않는... , 제가 자바 오프라인64비트를 다운받고 paper.jar파일까지... 그래서 일단 자바를 프로그램 추가/제거로 완전히 제거라하고 보니까 제가 자바 설치때 오류때문에 설치하다... , 자바 파일 삭제 방법 
 답변 안녕하세요 자바 무료교육에 대해 질문해 주셨네요. 복사 붙여넣기가 아닌 진심으로... 국비지원 과정을 통해 자바를 무료로 공부하실 수 있습니다. 자바 언어뿐만 아니라... , 자바 무료로 공부하고싶은데 국비지원 과정이 있나요?? , 자바 무료교육 
" 답변 ~ public class Answer_04 { public static void main(String[] args) { String[] title = { ""자바"", ""파이썬"", ""코딩"", ""자바스크립트"", ""자료구조"" }... "," public class Answer_04 { public static void main(String[] args) { String[] title= {""자바"", ""파이썬"", ""코딩"", ""자바스크립트"",""자료구조""}; int[] pages= {150, 100... ", 자바 프로그래밍 질문 
 답변 자바인강은 국내 no.1 it 인터넷 전문 강의 사이트 kg에듀원 이룸 추천드립니다. 자바를 기초부터 체계적으로... ▼ 자바인강 사이트 바로가기 ▼ ▼ 맞춤강의신청 바로가기... , 자바인강 괜찮은 강의를 알아보고 있어요. 자바를 기초부터 가르쳐주고 전문실무강사가 진행하는 자바인강 알려주세요. , 자바인강 괜찮은곳 
" 답변 입니다 자바자격증 학원 알아보고 계시군요... 그렇기 때문에 자바자격증 학원 알아볼때는 IT교과목을... 포트폴리오, 자바프로젝트 수업 - 그리고 국비지원... ", 안녕하세요 요즘에 자바자격증 관심이 생겼습니다 앞으로 IT가 유망직업일거 같아서 프로그래밍 자바개발자나... 하려면 자바자격증 학원에서 실습 + 자격증준비 같이... , 자바자격증 학원 고민입니다. 
 답변 자바 프로그램과 연결이 안되서 그런겁니다. 아래 사이트를 참고하여 해결 보세요. https://hornslied.tistory.com/19 , 동생이 마크 플러그인 다운받아 달라 떼써서 포지?그거 깔앗는데 알집으로 열려서 자바 다운받고 연결프로그램 자바로 바꾸면 자꾸 이렇게 떠요 , 자바가 왜 자꾸 오류가 날까요? 
 답변 아니요. 그럴필요 없습니다. 자바에디션(Java Edition)을 설치하면 컴퓨터에 기본적으로 Java가 설치되기 때문에 상관없습니다. 도움되셨다면 채택부탁드립니다 , 마인크래프트 자바 에디션을 살려면 컴퓨터에 자바가 꼭 깔려있어야 하나요??? , 마인크래프트 자바 에디션 
